{"nm":"Main Scene","ddd":0,"h":500,"w":500,"meta":{"g":"@lottiefiles/creator 1.45.0"},"layers":[{"ty":0,"nm":"Nested Scene 1","sr":1,"st":0,"op":60,"ip":0,"hd":false,"ddd":0,"bm":0,"hasMask":false,"ao":0,"ks":{"a":{"a":0,"k":[9.999802738428116,9.893511563539505]},"s":{"a":0,"k":[1111.5674,1125.1572]},"sk":{"a":0,"k":0},"p":{"a":0,"k":[249.99980273842812,249.8935115635395]},"r":{"a":0,"k":0},"sa":{"a":0,"k":0},"o":{"a":0,"k":100}},"w":500,"h":500,"refId":"precomp_Shape Layer - SVG","ind":1},{"ty":4,"nm":"Progress Bar","sr":1,"st":0,"op":150,"ip":0,"hd":false,"ddd":0,"bm":0,"hasMask":false,"ao":0,"ks":{"a":{"a":0,"k":[0,0]},"s":{"a":0,"k":[100,100]},"sk":{"a":0,"k":0},"p":{"a":0,"k":[250,250]},"r":{"a":1,"k":[{"o":{"x":0.167,"y":0.167},"i":{"x":0.833,"y":0.833},"s":[0],"t":0},{"s":[360],"t":60}]},"sa":{"a":0,"k":0},"o":{"a":0,"k":100}},"shapes":[{"ty":"sh","bm":0,"hd":false,"nm":"Progress Bar","d":1,"ks":{"a":0,"k":{"c":true,"i":[[-87.47614999999999,0],[0,-87.47614999999999],[87.47614999999999,0],[0,87.47614999999999]],"o":[[87.47614999999999,0],[0,87.47614999999999],[-87.47614999999999,0],[0,-87.47614999999999]],"v":[[0,-158.5],[158.5,0],[0,158.5],[-158.5,0]]}}},{"ty":"st","bm":0,"hd":false,"nm":"Stroke","lc":2,"lj":2,"ml":1,"o":{"a":0,"k":100},"w":{"a":0,"k":32},"c":{"a":0,"k":[0.6,0.4,0.8]}},{"ty":"tm","bm":0,"hd":false,"nm":"Trim Path","e":{"a":0,"k":6},"o":{"a":0,"k":0},"s":{"a":0,"k":22},"m":1}],"ind":2},{"ty":4,"nm":"Progress Bar","sr":1,"st":0,"op":150,"ip":0,"hd":false,"ddd":0,"bm":0,"hasMask":false,"ao":0,"ks":{"a":{"a":0,"k":[0,0]},"s":{"a":0,"k":[100,100]},"sk":{"a":0,"k":0},"p":{"a":0,"k":[250,250]},"r":{"a":1,"k":[{"o":{"x":0.167,"y":0.167},"i":{"x":0.833,"y":0.833},"s":[0],"t":0},{"s":[360],"t":60}]},"sa":{"a":0,"k":0},"o":{"a":0,"k":100}},"shapes":[{"ty":"sh","bm":0,"hd":false,"nm":"Progress Bar","d":1,"ks":{"a":0,"k":{"c":true,"i":[[-87.47614999999999,0],[0,-87.47614999999999],[87.47614999999999,0],[0,87.47614999999999]],"o":[[87.47614999999999,0],[0,87.47614999999999],[-87.47614999999999,0],[0,-87.47614999999999]],"v":[[0,-158.5],[158.5,0],[0,158.5],[-158.5,0]]}}},{"ty":"st","bm":0,"hd":false,"nm":"Stroke","lc":2,"lj":2,"ml":1,"o":{"a":0,"k":100},"w":{"a":0,"k":32},"c":{"a":0,"k":[0.7294,0.6078,0.9882]}},{"ty":"tm","bm":0,"hd":false,"nm":"Trim Path","e":{"a":0,"k":0},"o":{"a":1,"k":[{"o":{"x":0.167,"y":0.167},"i":{"x":0.833,"y":0.833},"s":[22],"t":0},{"o":{"x":0.167,"y":0.167},"i":{"x":0.833,"y":0.833},"s":[0],"t":30},{"s":[22],"t":60}]},"s":{"a":0,"k":16},"m":1}],"ind":3},{"ty":4,"nm":"Progress Track","sr":1,"st":0,"op":150,"ip":0,"hd":false,"ddd":0,"bm":0,"hasMask":false,"ao":0,"ks":{"a":{"a":0,"k":[0,0]},"s":{"a":0,"k":[100,100]},"sk":{"a":0,"k":0},"p":{"a":0,"k":[250,250]},"r":{"a":0,"k":0},"sa":{"a":0,"k":0},"o":{"a":0,"k":100}},"shapes":[{"ty":"sh","bm":0,"hd":false,"nm":"Progress Track","d":1,"ks":{"a":0,"k":{"c":true,"i":[[-87.47614999999999,0],[0,-87.47614999999999],[87.47614999999999,0],[0,87.47614999999999]],"o":[[87.47614999999999,0],[0,87.47614999999999],[-87.47614999999999,0],[0,-87.47614999999999]],"v":[[0,-158.5],[158.5,0],[0,158.5],[-158.5,0]]}}},{"ty":"st","bm":0,"hd":false,"nm":"Stroke","lc":2,"lj":2,"ml":1,"o":{"a":0,"k":100},"w":{"a":0,"k":32},"c":{"a":0,"k":[0.898,0.7961,1]}},{"ty":"tm","bm":0,"hd":false,"nm":"Trim Path","e":{"a":0,"k":100},"o":{"a":0,"k":0},"s":{"a":0,"k":0},"m":1}],"ind":4}],"v":"5.7.0","fr":30,"op":60,"ip":0,"assets":[{"nm":"Nested Scene 1","id":"precomp_Shape Layer - SVG","layers":[{"ty":4,"nm":"Shape Layer - SVG","sr":1,"st":0,"op":60,"ip":0,"hd":false,"ddd":0,"bm":0,"hasMask":false,"ao":0,"ks":{"a":{"a":0,"k":[0,0]},"s":{"a":0,"k":[100,100]},"sk":{"a":0,"k":0},"p":{"a":0,"k":[0,0]},"r":{"a":0,"k":0},"sa":{"a":0,"k":0},"o":{"a":0,"k":100}},"shapes":[{"ty":"gr","bm":0,"hd":false,"nm":"Group 1","it":[{"ty":"sh","bm":0,"hd":false,"nm":"Path 1","d":1,"ks":{"a":0,"k":{"c":true,"i":[[0,0],[0,0],[0,0],[0,0],[0,0],[0,0],[0,0],[0,0],[0,0],[0,0],[0,0],[0,0],[0,0],[0,0],[0.10060000000000002,1.3091299999999997],[0,0],[0,0],[0,0],[0,0],[0,0]],"o":[[0,0],[0,0],[0,0],[0,0],[0,0],[0,0],[0,0],[0,0],[0,0],[0,0],[0,0],[0,0],[0,0],[-1.2866,-0.2619000000000007],[0,0],[0,0],[0,0],[0,0],[0,0],[0,0]],"v":[[10.9018,0.400024],[8.25695,0.400024],[8.25695,4.57553],[0.799805,4.57553],[0.799805,7.22043],[8.25695,7.22043],[8.25695,13.2817],[8.25695,19.3429],[11.2692,19.3429],[11.2692,14.8],[19.1998,16.6],[19.1998,13.6],[15.1998,12.8],[13.4432,12.4425],[11.0992,9.78797],[10.9018,7.22043],[17.661,7.22043],[17.661,4.57553],[10.9018,4.57553],[10.9018,0.400024]]}}},{"ty":"fl","bm":0,"hd":false,"nm":"Fill","c":{"a":0,"k":[0.6,0.4,0.8]},"r":1,"o":{"a":0,"k":100}},{"ty":"tr","a":{"a":0,"k":[0,0]},"s":{"a":0,"k":[100,100]},"sk":{"a":0,"k":0},"p":{"a":0,"k":[0,0]},"r":{"a":0,"k":0},"sa":{"a":0,"k":0},"o":{"a":0,"k":100}}]}],"ind":1}]}]}